full_name,default_branch,stars,language,created_at,contributors,fork,archived,idade_dias
HSLix/LixAssistantLimbusCompany,master,1320,Dart,2023-07-10T08:37:56+00:00,11,False,False,1178
Aliothmoon/MAA-Meow,main,1617,Kotlin,2026-02-10T02:19:18+00:00,19,False,False,232
nvim-neotest/neotest,master,3117,Lua,2022-01-02T23:08:55+00:00,113,False,False,1732
notepad-plus-plus/notepad-plus-plus,master,29487,C++,2015-03-28T00:05:08+00:00,473,False,False,4204
webp-sh/webp_server_go,master,2007,Go,2020-02-09T03:15:01+00:00,15,False,False,2425
aws-amplify/amplify-ui,main,1143,TypeScript,2021-03-25T19:11:52+00:00,166,False,False,2015
ghostery/ghostery-extension,main,1752,JavaScript,2018-03-07T20:56:31+00:00,49,False,False,3129
keel-hq/keel,master,2735,Go,2017-06-10T14:07:09+00:00,111,False,False,3399
tigerbeetle/tigerbeetle,main,17153,Zig,2020-04-09T16:04:20+00:00,142,False,False,2365
eclipse-che/che,main,7166,TypeScript,2015-03-26T15:31:01+00:00,216,False,False,4206
bobthecow/psysh,main,9830,PHP,2012-06-04T17:15:35+00:00,103,False,False,5231
eigent-ai/eigent,main,15476,TypeScript,2025-07-29T15:56:02+00:00,82,False,False,428
LadybugDB/ladybug,main,1825,C++,2025-10-07T18:33:08+00:00,112,False,False,358
lance0/ttl,master,1472,Rust,2026-01-12T15:16:32+00:00,5,False,False,261
apple/servicetalk,main,1042,Java,2018-09-07T00:14:48+00:00,78,False,False,2945
ncruces/go-sqlite3,main,1116,Go,2023-01-11T14:54:42+00:00,10,False,False,1358
dr5hn/countries-states-cities-database,master,9858,Python,2018-07-20T14:13:45+00:00,98,False,False,2994
jetty/jetty.project,jetty-12.1.x,4097,Java,2011-07-14T01:11:57+00:00,260,False,False,5557
moeru-ai/airi,main,50188,TypeScript,2024-12-01T16:33:36+00:00,205,False,False,668
keldaanCommunity/pokemonAutoChess,master,1812,TypeScript,2019-09-11T20:49:25+00:00,143,False,False,2576
wxt-dev/wxt,main,10583,TypeScript,2023-06-25T15:48:11+00:00,301,False,False,1193
lichtblick-suite/lichtblick,develop,1158,TypeScript,2024-01-31T11:09:16+00:00,91,False,False,973
bluesky-social/atproto,main,9677,TypeScript,2021-12-17T20:06:47+00:00,136,False,False,1748
Open-Web-Analytics/Open-Web-Analytics,master,2694,PHP,2012-04-01T07:53:45+00:00,34,False,False,5295
toss/es-toolkit,main,11364,TypeScript,2024-04-25T11:56:31+00:00,264,False,False,888
ludwig-ai/ludwig,main,11773,Python,2018-12-27T23:58:12+00:00,160,False,False,2834
gkurt/tegaki,main,3131,TypeScript,2026-03-28T18:58:26+00:00,10,False,False,186
microsoft/roosterjs,master,1312,TypeScript,2017-07-13T16:39:51+00:00,86,False,False,3366
aws/aws-sdk-pandas,main,4121,Python,2019-02-26T01:39:02+00:00,186,False,False,2773
silverhack/monkey365,main,1354,PowerShell,2022-04-22T14:45:29+00:00,9,False,False,1622
linear/linear,master,1629,TypeScript,2019-04-11T22:54:14+00:00,49,False,False,2729
mljar/mercury,main,4354,Python,2021-12-20T13:43:44+00:00,23,False,False,1745
melonjs/melonJS,master,6404,JavaScript,2011-04-11T07:03:14+00:00,95,False,False,5651
BEDOLAGA-DEV/remnawave-bedolaga-telegram-bot,main,1161,Python,2025-08-04T13:41:10+00:00,73,False,False,422
Loongphy/codex-auth,main,2789,Zig,2026-02-10T06:53:56+00:00,11,False,False,232
withcatai/node-llama-cpp,master,2188,TypeScript,2023-08-12T20:53:16+00:00,15,False,False,1145
tegojs/tego,main,1104,TypeScript,2024-10-15T03:52:16+00:00,17,False,False,715
cakephp/cakephp,5.x,8790,PHP,2010-05-08T14:38:22+00:00,866,False,False,5989
thaw-app/Thaw,development,11889,Swift,2026-01-29T18:26:51+00:00,76,False,False,244
holoviz/holoviews,main,2910,Python,2014-05-07T16:59:22+00:00,163,False,False,4529
yamlresume/yamlresume,main,1541,TypeScript,2025-04-09T07:47:08+00:00,19,False,False,539
umami-software/umami,master,39247,TypeScript,2020-07-17T07:59:00+00:00,438,False,False,2266
kyverno/kyverno,main,8230,Go,2019-02-04T16:25:48+00:00,603,False,False,2795
fastfloat/fast_float,main,2125,C++,2020-10-19T16:00:53+00:00,82,False,False,2172
getkin/kin-openapi,master,3299,Go,2017-06-11T20:12:06+00:00,253,False,False,3398
handsontable/handsontable,develop,22060,JavaScript,2011-05-23T22:38:58+00:00,169,False,False,5609
thesysdev/openui,main,10272,TypeScript,2024-12-02T10:40:06+00:00,50,False,False,667
agents-io/PokeClaw,main,1088,Kotlin,2026-04-06T08:31:02+00:00,1,False,False,177
Turfjs/turf,master,10514,TypeScript,2013-10-03T14:50:25+00:00,214,False,False,4745
useplunk/plunk,next,5507,TypeScript,2024-07-12T19:31:42+00:00,55,False,False,810
langchain-ai/langsmith-sdk,main,1070,Python,2023-05-30T19:03:00+00:00,110,False,False,1219
guhcostan/mac-cleaner-cli,main,1991,TypeScript,2025-12-04T12:49:07+00:00,11,False,False,300
punitarani/fli,main,3213,Python,2025-01-06T05:20:05+00:00,29,False,False,632
fleetbase/fleetbase,main,4204,JavaScript,2022-09-23T09:36:08+00:00,28,False,False,1468
UglyToad/PdfPig,master,2571,C#,2017-11-09T19:15:21+00:00,74,False,False,3247
Tarquinen/opencode-dynamic-context-pruning,master,4321,TypeScript,2025-11-20T01:51:43+00:00,20,False,False,314
GSManagerXZ/GameServerManager,main,1066,TypeScript,2025-04-25T15:03:00+00:00,21,False,False,523
difyz9/ytb2bili,main,1621,Go,2025-11-14T02:24:51+00:00,3,False,False,320
yaojingang/GEOFlow,main,3774,PHP,2026-04-13T11:42:03+00:00,15,False,False,170
rowboatlabs/rowboat,main,18002,TypeScript,2025-01-13T09:30:40+00:00,21,False,False,625
timescale/timescaledb,main,23661,C,2017-03-07T20:03:41+00:00,141,False,False,3494
elastic/kibana,main,21308,TypeScript,2013-01-26T04:00:59+00:00,1537,False,False,4995
the-open-engine/zeroshot,main,1932,Rust,2025-12-25T17:12:45+00:00,17,False,False,279
dungngminh/simutil,main,1177,Dart,2026-02-19T06:18:15+00:00,2,False,False,223
immanuwell/dockerfile-roast,main,1135,Rust,2026-04-12T17:44:23+00:00,6,False,False,171
marcoroth/herb,main,1326,TypeScript,2024-05-28T17:44:22+00:00,84,False,False,855
esengine/DeepSeek-Reasonix,studio,35749,Go,2026-04-21T08:27:02+00:00,176,False,False,162
SubtitleEdit/subtitleedit,main,14480,C#,2014-02-03T08:17:41+00:00,227,False,False,4622
tauri-apps/wry,dev,4995,Rust,2020-07-12T15:12:44+00:00,148,False,False,2271
digitoimistodude/air-light,master,1174,PHP,2016-01-29T10:32:01+00:00,29,False,False,3897
marhkb/pods,main,1102,Rust,2022-02-06T00:49:26+00:00,88,False,False,1697
livewire/livewire,4.x,23584,PHP,2019-02-12T16:53:29+00:00,625,False,False,2787
s3ql/s3ql,main,1277,Python,2015-07-12T20:33:18+00:00,50,False,False,4098
sebastienros/jint,main,4735,C#,2014-01-10T01:51:04+00:00,168,False,False,4646
honkit/honkit,master,3519,TypeScript,2020-06-13T12:16:48+00:00,148,False,False,2300
facebook/CacheLib,main,1597,C++,2019-11-22T21:39:48+00:00,258,False,False,2504
lklynet/aurral,main,1754,JavaScript,2026-01-15T20:27:08+00:00,33,False,False,258
treeverse/dvc,main,15909,Python,2017-03-04T08:16:33+00:00,333,False,False,3497
twentyhq/twenty,main,58095,TypeScript,2022-12-01T13:04:40+00:00,770,False,False,1399
lerna/lerna,main,36043,TypeScript,2015-12-04T09:36:55+00:00,375,False,False,3953
pbatard/rufus,master,37892,C,2011-11-19T19:12:05+00:00,231,False,False,5429
gotify/server,master,16040,Go,2018-01-15T20:25:27+00:00,60,False,False,3180
binwiederhier/ntfy,main,34689,Go,2021-10-23T19:25:32+00:00,419,False,False,1803
StuffAnThings/qbit_manage,develop,1650,Python,2021-02-20T05:01:47+00:00,30,False,False,2048
openlit/openlit,main,2834,TypeScript,2024-01-23T17:40:59+00:00,124,False,False,981
qos-ch/logback,master,3237,Java,2009-08-20T18:48:24+00:00,163,False,False,6250
mjbots/moteus,main,1315,C++,2019-03-08T02:43:21+00:00,10,False,False,2763
WordPress/gutenberg,trunk,11764,JavaScript,2017-02-03T19:34:19+00:00,1595,False,False,3526
web-infra-dev/rspress,main,2343,TypeScript,2023-06-27T06:37:44+00:00,155,False,False,1191
mims-harvard/ToolUniverse,main,1722,Python,2025-03-03T21:09:47+00:00,35,False,False,576
tsinghua-fib-lab/AgentSociety,main,1327,Python,2025-02-06T05:09:18+00:00,17,False,False,601
frida/frida,main,22151,Meson,2013-04-12T22:35:05+00:00,53,False,False,4919
Sigil-Ebook/Sigil,master,6984,C++,2013-09-15T15:41:20+00:00,58,False,False,4763
markqvist/Reticulum,master,7497,Python,2018-04-04T13:28:06+00:00,44,False,False,3101
neomjs/neo,dev,3285,JavaScript,2019-11-10T23:56:02+00:00,101,False,False,2516
googleapis/go-genai,main,1200,Go,2024-12-06T23:16:53+00:00,34,False,False,663
fastfetch-cli/fastfetch,dev,24949,C,2021-02-18T21:25:19+00:00,278,False,False,2050
kyutai-labs/pocket-tts,main,9829,Python,2026-01-07T17:33:32+00:00,56,False,False,266
graphql-hive/graphql-inspector,master,1768,TypeScript,2018-11-15T21:46:59+00:00,90,False,False,2876
BishopFox/sliver,master,11995,Go,2019-01-17T22:07:38+00:00,135,False,False,2813
